City,State,Country,Project Title,Type of Action,Sector,Sector (Categorical),Instrument,Instrument type (categorical),Amount (USD/EUR/BRL),Amount USD (integer),Funders,Funder (categorical),Intermediaries/Implementers,Status,Status (categorical),Summary,Key Points,Source Link,Coordinates,Detailed Expected Impact,Repayment Structure,Operation & Maintenance,Co-benefits (detailed),Primary Beneficiaries (detailed),Climate Goals (detailed),Alignment with National/Local Priorities,Implementation Risks & Lessons
Fortaleza,CE,Brazil,Fortaleza Sustainable Urban Development (incl. Parque Rachel de Queiroz NBS),Nature-based solutions; Urban drainage; Parks/green-blue infrastructure,Urban development; Water & environment,Environment & Nature-based Solutions; Urban Development & Housing; Water & Sanitation / Water Management,IBRD loan (sovereign),Loan,"US$73.3M (approx., per PAD)",73300000,World Bank (IBRD),World Bank,Municipality of Fortaleza,Under implementation (per 2025 ISR),Under implementation / Operational,"Restoration of urban green areas and water bodies to reduce flooding and improve public spaces, including works in Rachel de Queiroz Park and basins.",Strong E&S framework; measurable flood mitigation; replicable NBS toolkit.,https://documents.worldbank.org/pt/publication/documents-reports/documentdetail/710321493604135885/brazil-fortaleza-sustainable-urban-development-project,"-3.731900, -38.526700","Reduces Fortaleza’s vulnerability to flooding and climate extremes by restoring wetlands, building floodable parks, and upgrading drainage and sewage in the Vertente Marítima basin. Improves water quality in canals and coastal zones (safe bathing index from ~20% to ~80% in target areas), creates new public green spaces and mobility options (paths, lighting, recreation), and strengthens municipal planning and land‑based revenue tools. Around 300,000 residents in vulnerable neighborhoods see better flood protection, cleaner water, and more livable public spaces.","US$73.3M IBRD sovereign‑guaranteed loan to the Municipality of Fortaleza, with a maturity of about 24 years and ~6‑year grace period. The federal government of Brazil provides the repayment guarantee. Repayment is made from municipal budget over time, complemented by local counterpart funds for additional works.","Municipal agencies (e.g., environment and infrastructure secretariats) operate and maintain the new drainage, parks, and wetlands. Assets like Rachel de Queiroz Park’s ponds and greenways are integrated into the city’s regular park and stormwater maintenance programs. The project also builds institutional capacity and an NBS ‘toolkit’ so local teams can replicate and maintain similar solutions elsewhere.","Public health gains from reduced sewage overflows and cleaner canals/beaches; new leisure areas support physical activity and social cohesion; tree planting and wetlands improve biodiversity and urban cooling; improved aesthetics and recreational value can boost local tourism and small business activity near the park; safer, better‑lit public spaces enhance security perception.","Low‑income residents of flood‑prone informal neighborhoods around Rachel de Queiroz Park and the Vertente Marítima basin, including households previously affected by frequent flooding and poor sanitation. Coastal communities and beach users benefit from cleaner bathing waters. The wider population of Fortaleza benefits from reduced flood risk on key roads and increased availability of green public spaces.",Primarily an adaptation project: enhances resilience to more intense rainfall and flooding expected under climate change through nature‑based solutions and improved drainage. Mitigation co‑benefits include carbon sequestration from new vegetation and reduced methane from better wastewater handling. Supports Fortaleza’s climate action plan and Brazil’s NDC adaptation objectives by reducing disaster risk and improving water management in a major coastal city.,"Aligns with Fortaleza’s Green Area System Master Plan and municipal climate/urban development strategies, which prioritize flood control, expanded green spaces, and social inclusion. At the national level, supports Brazil’s urban resilience and sanitation policies and the broader goal of climate‑resilient cities, while fitting within the World Bank’s Brazil Country Partnership Framework for sustainable urban development.","Land tenure and resettlement complexities around park areas (e.g., federal university land and families to be relocated) forced scope adjustments and highlighted the need for early stakeholder coordination. Macroeconomic constraints required reallocating resources. A key lesson is that combining flood control with high‑quality public spaces and NBS yields strong public support and multi‑functional value but demands robust social safeguards and clear long‑term maintenance arrangements."
São Paulo,SP,Brazil,Electrification and Improvement of the São Paulo Urban Transport System (Zero‑Emission Buses),Fleet electrification; Clean transport,Urban mobility,Transport,IBRD loan + IDB loan,Loan,US$248.3M (IBRD) + US$248.3M (IDB),496600000,World Bank; IDB,IDB; World Bank,Municipality of São Paulo; SPTrans,Approved 2025,Approved,Scale-up of e-buses and modernized operations to cut GHGs and air pollutants; supports Climate Change Law target of fully electric fleet by 2038.,Large-scale e-bus transition; air-quality co-benefits; local manufacturing/jobs.,https://www.worldbank.org/en/news/press-release/2025/05/15/world-bank-and-s-o-paulo-join-forces-for-more-modern-healthier-urban-transport,"-23.550500, -46.633300","Transforms São Paulo’s bus system by financing large‑scale deployment of battery‑electric buses and associated infrastructure, improving service reliability and reducing emissions. Expected to significantly reduce local air pollutants and greenhouse‑gas emissions from a sector that accounts for over half of city GHGs and nearly half of local air pollution. Directly benefits over 100,000 daily transit users on targeted corridors and nearly 3 million residents living along those routes, through cleaner, quieter, more reliable buses and upgraded operations.","Parallel US$248.3M IBRD loan and US$248.3M IDB loan to the Municipality of São Paulo (sovereign‑guaranteed), with long tenors (around 15–24 years) and grace periods (~6 years). Loans are repaid from municipal budgets over time, supported by the city’s transport revenue and general revenues. The program also mobilizes private capital from bus operators and financiers (around US$125M) for e‑bus fleet and charging assets via PPP‑style agreements, repaid through service contracts.","SPTrans (São Paulo’s transit authority) manages planning and oversight; private bus concessionaires operate and maintain the electric buses and depot charging systems under updated contracts. The project includes capacity building for operators on electric drivetrain and battery maintenance, and investments in upgraded depots, digital fleet management, and grid connections to support long‑term O&M of the electrified network.","Major public‑health gains from reduced PM and NOx emissions, especially in dense and low‑income areas; less noise along bus corridors; job creation and technology transfer in Brazil’s e‑bus manufacturing and charging industries; gender and social inclusion measures (greater women’s participation in the sector and safer, more reliable services for women users); improved service quality (punctuality, comfort) and reduced congestion through integrated corridor and operations improvements.","Daily bus users—particularly low‑income commuters and women who rely heavily on public transport—and residents living near heavily used bus corridors who will experience cleaner air and less noise. Indirect beneficiaries include the broader population of metropolitan São Paulo through improved air quality and reduced GHG emissions, and workers in the emerging electric mobility value chain.","Strongly supports climate mitigation by accelerating the shift from diesel to zero‑emission buses, directly supporting São Paulo’s Climate Law mandate of a 100% zero‑emission bus fleet by 2038 and contributing to Brazil’s NDC transport mitigation efforts. Also advances a broader ‘green, resilient, inclusive’ urban agenda by modernizing public transport and encouraging mode shift away from private cars.","Aligned with São Paulo’s municipal climate and mobility plans, the National Urban Mobility Policy, Brazil’s NDC, and the World Bank/IDB country strategies, all of which emphasize sustainable urban transport and emissions reduction. The project operationalizes São Paulo’s own climate legislation on fleet decarbonization and supports national efforts to position Brazil as a leader in electric mobility.","Key risks include integrating large‑scale e‑bus technology into an existing system (grid capacity, depot reconfiguration, operational learning curve), financial sustainability given higher upfront capital costs, and complex multi‑stakeholder coordination (city, operators, utility, manufacturers, MDBs). Lessons from early pilots (over 500 e‑buses already in service) underscore the value of phased rollout, robust regulatory support, and blended finance to de‑risk adoption."
Belo Horizonte,MG,Brazil,Belo Horizonte LED Street Lighting PPP (BHIP),Energy efficiency; Smart city,Energy/public lighting,Energy,PPP concession,PPP / Concession,—,,Private capital via PPP; supported by IFC/ESMAP knowledge work,Private / PPP,BHIP (municipal SPV); Signify (Philips),Operational (2019 majority completion),Under implementation / Operational,"Replacement of ~182,000 luminaires with LEDs; remote control on main avenues.",≈50% electricity cost savings; improved safety; model PPP structure.,https://www.signify.com/global/our-company/news/press-releases/2019/20190815-belo-horizonte-realizes-electricity-cost-savings-by-upgrading-to-led-streetlights-signify,"-19.912998, -43.940933","City‑wide modernization of ~182,000 streetlights from conventional lamps to LEDs, cutting electricity use for public lighting by about 50%, improving lighting quality, and enabling smart remote management. Expected impacts include significant municipal energy cost savings, brighter and more uniform lighting that enhances night‑time safety, and reduced maintenance needs due to LEDs’ longer lifespan.","Implemented via a ~R$1.4B, 20‑year PPP concession. The private SPV (BHIP) finances upfront investment and is repaid over time through availability payments funded by the municipal public lighting fee and energy savings. The city avoids large upfront borrowing; instead, it commits to performance‑linked concession payments that cover capital recovery, O&M, and investor return.","BHIP is contractually responsible for operating and maintaining the entire street lighting system for 20 years, including LED fixtures and remote monitoring/control systems. Performance standards (uptime, response times) are embedded in the PPP contract. After concession expiry, ownership reverts to the city along with a modern, well‑maintained lighting network.",Improved public safety and perceived security at night due to better illumination; increased use of public spaces and nighttime economic activity; substantial reduction in electricity consumption and associated GHG emissions; local industrial benefits from domestic manufacture of LED fixtures; fewer maintenance truck rolls and reduced light pollution thanks to better optics.,"All residents, businesses, and visitors in Belo Horizonte who use streets and public spaces after dark. Particularly beneficial for neighborhoods that were previously under‑lit or considered unsafe at night. The municipal government benefits via lower operating costs and more predictable budgeting for lighting.","Contributes to climate mitigation through large‑scale energy efficiency, reducing electricity demand for public lighting by about half and thus lowering power‑sector emissions. Aligns with broader climate and SDG goals to decarbonize cities and improve energy efficiency in municipal services.","Supports Belo Horizonte’s smart city and public safety strategies, Brazil’s National Energy Efficiency Plan, and federal efforts to promote infrastructure PPPs. Demonstrates a scalable model that other Brazilian cities are adopting for modernizing public lighting with private investment.","Risks included executing a rapid city‑wide retrofit, ensuring savings materialized as projected, and managing a complex long‑term PPP. Lessons: detailed asset inventory and planning before rollout, selecting experienced technology partners, embedding remote monitoring for efficient O&M, and structuring contracts so that energy savings and service quality incentives are aligned."
São Paulo (Metro region),SP,Brazil,Tietê River Depollution Program – Phase IV,Wastewater collection & treatment; River restoration,Water & sanitation,Water & Sanitation / Water Management,IDB Invest corporate loan; IDB loan (historic phases),Loan,"≈ BRL 940M (IDB Invest local-currency loan, ~US$200M)",388000000,IDB Invest; IDB; others (multi-phase program),IDB; IDB Invest,SABESP (state utility),Under implementation (Phase IV),Under implementation / Operational,Expansion of sewerage and WWTP capacity to improve water quality for 3.7M residents in RMSP.,Large metropolitan impact; strong E&S oversight; measurable coverage KPIs.,https://www.idbinvest.org/en/projects/sabesp-tiete-river-depollution-project-phase-iv,"-23.550500, -46.633300","Expands sewage collection and treatment in the São Paulo Metropolitan Region by building ~200 km of new sewers, ~160 km of interceptors, and expanding key WWTPs. Expected to connect around 400,000 households to sewerage, dramatically reduce organic and pathogen loads in the Tietê River, and improve environmental and sanitary conditions for roughly 3.7 million residents in 34 municipalities. Also yields sizable GHG reductions by avoiding methane emissions from untreated wastewater.","Financed primarily through a BRL 940M (~US$200M) local‑currency corporate loan from IDB Invest to Sabesp, with half the risk backstopped by a PROPARCO guarantee, complemented by other multilateral and local funds. Sabesp repays the loan from operating cash flows (tariff revenues) over a long tenor, in line with Brazil’s New Sanitation Law universalization timeline.","Sabesp owns, operates, and maintains all new sewer networks and expanded WWTP capacity, integrating them into its existing metropolitan sanitation system. The project includes institutional strengthening and an Environmental and Social Action Plan to ensure high‑standard operations, sludge handling, and environmental compliance over time.","Major public‑health improvements from reduced exposure to raw sewage and contaminated floodwaters; revived river ecosystems and biodiversity; contribution to urban flood risk reduction; enhanced quality of life and property values in upgraded neighborhoods; climate co‑benefits from reduced methane and a cleaner, more resilient water environment.","Roughly 400,000 newly connected households—predominantly low‑income residents in peri‑urban municipalities—as well as 3.7 million people who benefit from improved river and environmental conditions across the metro area. Downstream users and ecosystems also benefit from cleaner river water.","Classified as almost fully aligned with climate finance, delivering both mitigation (large methane reductions) and adaptation (more resilient sanitation and flood‑resistant urban environment). Supports Brazil’s NDC and Paris‑alignment by decarbonizing the wastewater sector and building water resilience in a mega‑city.","Directly supports Brazil’s New Sanitation Law goal of universal sewage by 2033 and the long‑standing Tietê River cleanup agenda of São Paulo. Aligns with national water and environmental policies, SDG 6, and IDB/IDB Invest strategies to promote sustainable, climate‑aligned urban infrastructure.","Challenges include executing large works in dense urban areas (land acquisition, traffic disruption), ensuring robust environmental and social safeguards, and managing long‑term financial sustainability. Early lessons: flexible project scope (e.g., adding Franco da Rocha WWTP), strong ESAP implementation, and local‑currency financing are critical for success in large utility‑led climate infrastructure."
Manaus,AM,Brazil,PROSAMIM / PROSAMIN – Social & Environmental Program for Igarapés,Flood risk reduction; Sanitation; Slum upgrading,Urban development; Water & sanitation,Resilience & Disaster Risk Management; Urban Development & Housing; Water & Sanitation / Water Management,IDB sovereign loans (multi‑phase),Loan,Multiple phases (hundreds of US$M),,IDB,IDB,Government of Amazonas; Municipality of Manaus,Multiple phases since 2006; Phase III approved 2012; IV in preparation,Approved,Resettlement from flood-prone areas; drainage canals; sewer connections; public spaces to reduce flood and health risks.,Integrated social + resilience approach; extensive KPIs; long-running program.,https://www.iadb.org/en/project/BR-L1297,"-3.117000, -60.025800","Multi‑phase slum upgrading and creek restoration program in Manaus that relocates thousands of families from flood‑prone igarapé settlements into safe housing, constructs drainage and sanitation infrastructure, and reclaims degraded creek corridors as roads and parks. Expected impacts include sharply reduced flood risk, improved health and sanitation, safer housing, and environmental revitalization of urban waterways.","Financed through successive sovereign loans from the IDB (e.g., PROSAMIM III ~US$280M IDB loan + US$120M local counterpart), with 25‑year maturity, 5‑year grace, and LIBOR‑based interest. The State of Amazonas repays these loans, guaranteed by the federal government, from its budget over the long term, supported by national programs such as the Growth Acceleration Program.","Post‑construction, state and municipal agencies share O&M: drainage canals and flood works are maintained by state infrastructure or city works departments; sewer and water networks are operated by the city’s water utility; new parks and public spaces are managed by the municipality; housing is transferred to residents and local housing authorities. The PROSAMIM project unit (UGPE) helped set up arrangements and train institutions for long‑term maintenance.",Health gains from reduced flooding and better sanitation; large improvements in housing quality and security of tenure; creation of linear parks and public spaces that enhance recreation and urban cooling; increased property values and economic opportunities in regenerated areas; strengthened institutional capacity for integrated urban planning; advances in social inclusion by bringing marginalized creekside communities into the formal city.,"Low‑income families formerly living in precarious palafitas along igarapés, plus additional residents in nearby neighborhoods who benefit from new infrastructure and public spaces. Tens of thousands of people see dramatic improvements in safety, housing, sanitation, and urban amenities.",Predominantly an adaptation/resilience project: reduces exposure to climate‑amplified flooding and improves drainage in a rainforest city. Mitigation co‑benefits from better wastewater handling (less methane) and new green spaces and tree cover. Aligns with climate resilience objectives for urban areas in the Amazon region.,"Aligned with Manaus’s master plan and flood‑control priority for igarapés, the Amazonas state development plan, Brazil’s housing and sanitation policies (e.g., PAC, Plansab), and IDB’s country strategy on reducing poverty and improving environmental sustainability in cities. Also supports SDGs 6 and 11.","Major risks included large‑scale resettlement, maintaining livelihoods, construction in difficult hydrological conditions, and governance/integrity challenges. Lessons: provide nearby or on‑site resettlement with free housing and strong social support; integrate housing, infrastructure, and social components; enforce robust procurement and anti‑corruption controls; pair physical works with solid waste management and environmental education to sustain creek restoration."
São Paulo,SP,Brazil,Metro Line 4 Expansion (Taboão da Serra),Mass transit expansion (low‑carbon),Urban mobility,Transport,IBRD loan; PPP with private concessionaire,Loan; PPP / Concession,US$400M (IBRD),400000000,World Bank; State of São Paulo; ViaQuatro (PPP),National / Subnational Government; Private / PPP; World Bank,Metro São Paulo; ViaQuatro,Approved 2025,Approved,"Extension of Line 4 beyond city limits, adding stations and improving access for low‑income commuters; CO₂ reductions via mode shift.",PPP structure; climate‑resilient design; accessibility focus.,https://www.worldbank.org/en/news/press-release/2025/07/29/world-bank-supports-sao-paulo-expansion-of-metro-line-4,"-23.550500, -46.633300","Expands São Paulo Metro Line 4 westward to Taboão da Serra, a densely populated municipality underserved by rapid transit. Improves travel time, reliability, and access to jobs for 300,000+ people. Supports mode shift from cars to rail, reducing emissions and congestion in the southwest metro area. Helps integrate transport networks and reduces inequalities in mobility.",US$400M IBRD loan to the State of São Paulo under sovereign guarantee. Financing supports public works and complements PPP funding from private concessionaires responsible for rolling stock and operations under the Line 4 PPP contract.,"Metro Line 4 is operated and maintained by a private concessionaire (ViaQuatro) under a long-term PPP contract, with responsibility for service delivery, vehicle operation, maintenance, and fare integration.",Improved access to jobs and education; increased gender and income inclusion via better mobility; local economic development around new stations; road safety from reduced car traffic; GHG reduction from mode shift to electric rail.,"Residents of Taboão da Serra and western São Paulo, particularly low- and middle-income commuters who rely on public transport. Broader urban region benefits from improved network integration and reduced congestion.",Supports mitigation through modal shift from high-emission road transport to low-carbon electric rail. Reduces vehicle-km traveled and emissions. Aligns with São Paulo and Brazil's low-carbon urban transport strategies.,Part of São Paulo’s urban mobility master plan and Brazil’s federal policies promoting sustainable mass transit. Aligned with World Bank urban transport and climate goals.,Land acquisition and interface with existing networks posed risks; project leveraged earlier PPP lessons from Line 4. Close coordination between public and private actors and phased construction helped manage delivery risks.
Rio de Janeiro,RJ,Brazil,VLT Carioca – Light Rail (Downtown),Electric light rail; Bus line rationalization,Urban mobility,Transport,BNDES Climate Fund; KfW finance; PPP,Climate / Carbon Finance; PPP / Concession,EUR 265M (KfW); plus BNDES Climate Fund component,291500000,KfW; BNDES (Fundo Clima); Municipality/PPP,BNDES; KfW / BMZ; National / Subnational Government; Private / PPP,Prefeitura do Rio; VLT Carioca/CCR,Operational since 2016 (expansions 2019),Under implementation / Operational,Zero‑emission LRT network integrating central intermodal nodes; reduces CO₂ and traffic.,Climate‑friendly urban transport; strong intermodality; PPP delivery.,https://www.kfw.de/About-KfW/Newsroom/Latest-News/Pressemitteilungen-Details_368320.html,"-22.906800, -43.172900","Built 28 km of modern electric light rail (VLT Carioca) in Rio’s historic downtown, replacing polluting bus lines and creating a pedestrian-friendly corridor. Improved mobility, reduced emissions, and enhanced tourism and urban revitalization in the port area.",Financed via PPP supported by BNDES Climate Fund and EUR 265M KfW concessional loan to the municipality/state. The private concessionaire invested and is repaid via availability payments over 25 years.,"Operated by VLT Carioca under PPP contract. Responsible for all system O&M, ticketing, and integration with buses/metro. Contract includes performance incentives and penalties.",Improved air quality; noise reduction; historic preservation; increased walkability and urban regeneration in port zone. Boost to tourism and real estate markets.,"Commuters, tourists, and residents in Rio’s central and port areas. Businesses and informal workers benefit from increased foot traffic and improved public realm.",Mitigation through clean electric public transport; reduces GHGs and short-lived pollutants. Part of Rio’s climate plan to green its mobility system.,"Aligned with Rio’s Porto Maravilha redevelopment strategy and Brazil’s climate urban transport targets, supported by federal and multilateral climate finance.","Construction delays, integration with traffic and urban renewal works posed early risks. Close coordination with port revitalization helped. PPP model ensured continuity and accountability."
São Paulo,SP,Brazil,Bandeirantes Landfill Gas-to-Energy (CDM),Methane capture & power generation,Solid waste / energy,Energy; Solid Waste & Circular Economy,CDM carbon finance; PPP/concession,Climate / Carbon Finance; PPP / Concession,—,,CER revenue; municipal concession,Private / PPP,Biogás Energia Ambiental; Prefeitura de São Paulo,Operational (registered CDM 2006),Under implementation / Operational,Gas collection and electricity generation at Bandeirantes landfill; major CO₂e reductions.,Early city‑level carbon finance; strong MRV through UNFCCC.,https://cdm.unfccc.int/Projects/DB/DNV-CUK1134130255.56/view?cp=1,"-23.550500, -46.633300","Captures methane from the Bandeirantes landfill and uses it to generate electricity, reducing GHG emissions and producing clean energy. One of Brazil’s first CDM landfill projects, showcasing waste-to-energy innovation.",Funded via Clean Development Mechanism (CDM) carbon finance. Revenues from certified emissions reductions (CERs) sold to buyers like the World Bank’s carbon funds. PPP model with private operator responsible for investment and operations.,"Private operator manages landfill gas capture and energy generation under concession. Maintains wells, flares, engines, and monitoring systems.",Reduces odor and fire risks; provides renewable energy; strengthens environmental controls at landfill; technology demonstration for other cities.,Local communities near landfill benefit from reduced pollution and hazards. São Paulo gains from emissions reduction and clean energy revenue.,Methane mitigation aligns with Brazil’s NDC and IPCC targets for potent GHGs. Clean energy generation adds to mitigation benefits.,Supports national climate goals and local waste management strategy. Pioneered city participation in carbon markets.,Monitoring and validation of emissions posed technical challenges. Showed value of early CDM participation and public-private innovation.
São Paulo,SP,Brazil,São João Landfill Gas-to-Energy (CDM),Methane capture & flaring/power,Solid waste / energy,Energy; Solid Waste & Circular Economy,CDM carbon finance,Climate / Carbon Finance,—,,CER revenue; municipal concession,Private / PPP,Biogás Energia Ambiental; Prefeitura de São Paulo,Operational (CDM),Under implementation / Operational,Sister project to Bandeirantes capturing methane and generating electricity.,Demonstrates scalability of LFG‑to‑energy in large metros.,https://prefeitura.sp.gov.br/cidade/secretarias/upload/arquivos/secretarias/financas/leilaocarbono/2012/pt-br/anexo1-edital001-2012.pdf,"-23.550500, -46.633300","Captures and flares landfill methane at São João site, avoiding high-GWP emissions. One of Brazil’s key CDM urban waste projects. Demonstrates scalable GHG abatement in waste sector.",CDM-based revenue from carbon credits under performance-based contracting. Operator financed equipment and recoups cost via CER sales.,Private concessionaire maintains gas capture systems and monitoring under strict CDM verification protocols.,Reduces explosion and odor risks; supports landfill closure and environmental compliance; builds technical capacity for methane control.,Residents near landfill; city gains GHG reduction credentials and potential carbon revenue.,Direct GHG mitigation through landfill methane destruction. Supports Brazil’s low-carbon urban strategy and CDM objectives.,Aligned with city/state solid waste policies and Brazil’s climate mitigation priorities. Leveraged international carbon finance.,CDM process complexity and monitoring costs posed barriers. Key lesson: upfront investment and expertise crucial for waste sector climate action.
Porto Alegre (statewide RG do Sul),RS,Brazil,Sustainable Recovery & Flood Resilience DPL,Policy-based operation; Flood resilience; Early warning,DRM; Water; Social protection,Resilience & Disaster Risk Management; Water & Sanitation / Water Management,IBRD DPL (policy loan),Loan,US$359.6M,359600000,World Bank,World Bank,State of Rio Grande do Sul; Porto Alegre,Approved 2025,Approved,Strengthens governance and finances resilient infrastructure and recovery post-2024 floods.,Supports emergency fund; targeted social support; municipal resilience upgrades.,https://www.worldbank.org/en/news/press-release/2025/10/17/brazil-rio-grande-do-sul-sustainable-recovery-dpl,"-30.034600, -51.217700","Supports disaster and climate resilience reforms in Rio Grande do Sul following 2023 flooding. Strengthens early warning, flood risk governance, resilient infrastructure, and climate-adaptive planning.","US$359.6M IBRD Development Policy Loan (DPL) to the State of Rio Grande do Sul, with sovereign guarantee. Repayment over 20+ years, linked to achievement of policy actions under programmatic framework.","State government integrates reforms into agency mandates—e.g., environment, planning, infrastructure departments. Policies cover long-term resilience mainstreaming and system upgrades.",Stronger governance for disaster preparedness; reduced social vulnerability; more transparent budgeting and asset management; gender-sensitive risk management.,"Flood-prone communities, particularly low-income households in urban and peri-urban zones. Local governments receive tools and support for resilience planning.",Focused on climate adaptation and disaster risk reduction. Aligns with Brazil’s NDC and Sendai Framework resilience priorities. Reduces future loss and damage from extreme weather.,Integrated into Brazil’s post-disaster response and state adaptation planning. Supports World Bank goals for climate resilience and inclusive recovery.,"Reform fatigue, institutional capacity, and political transitions pose risks. Importance of sequencing actions and stakeholder engagement highlighted by earlier state reforms."
Recife,PE,Brazil,Urban Infrastructure Insurance Facility – Recife,Climate risk insurance; Financial resilience,DRM/finance,Resilience & Disaster Risk Management,KfW/BMZ via ICLEI (grant/TA),Grant / Technical Assistance,—,,InsuResilience (KfW/BMZ); ICLEI; partners,InsuResilience; KfW / BMZ,ICLEI; Recife Municipality,Pilot (since 2022); active,Under implementation / Operational,Design of insurance solutions to protect critical infrastructure and vulnerable populations from extreme weather.,Innovative financial instrument for cities; complements adaptation investments.,https://uiif-resilience.org/recife/,"-8.057800, -34.882900","The Recife Urban Infrastructure Insurance Facility (UIIF) project aims to strengthen financial resilience of the city to climate shocks. It helps Recife design, pilot, and deploy parametric insurance instruments for urban infrastructure at risk from flooding and sea-level rise. Supports long-term risk transfer strategies for critical assets, integrating climate risk data into planning.","Non-repayable grant and technical assistance funded by KfW and BMZ, coordinated by ICLEI Resilient Cities Network. Recife does not take on debt; program supports capacity building and policy design.","City of Recife, via its Municipal Secretariat for Climate and Sustainability and finance/planning departments, oversees risk analysis and insurance design. Long-term risk governance will be institutionalized within city structures.",Financial protection for essential services and infrastructure; improved budgeting for climate contingencies; capacity building for city staff on climate risk and insurance tools.,"Urban populations indirectly benefit through protection of critical services (e.g., transport, water, housing). City government gains technical and institutional capacity for climate finance and insurance.",Strengthens adaptation and resilience to climate-induced disasters. Aligns with Brazil’s urban adaptation plans and ICLEI resilience goals.,Supports Recife’s Municipal Climate Action Plan and Brazil’s adaptation components under the NDC. Integrated into national disaster risk finance efforts.,"Challenges include limited data and modeling for risk pricing, and institutional unfamiliarity with insurance mechanisms. Project emphasizes early-stage capacity and policy design before financial implementation."
Curitiba,PR,Brazil,Linha Verde BRT & Ecological Corridor (AFD),BRT expansion; Flood parks,Urban mobility; Environment,Environment & Nature-based Solutions; Resilience & Disaster Risk Management; Transport; Urban Development & Housing,AFD sovereign loan,Loan,€36.15M (initial AFD loan),39765000,AFD; Municipality of Curitiba,AFD; National / Subnational Government,Curitiba Municipality,Ongoing (since 2011),Under implementation / Operational,New BRT line with adjacent parks and retention ponds along Barigui River to reduce flood risk.,Integrates mobility and NBS; equitable access for underserved areas.,https://www.afd.fr/en/carte-des-projets/curitiba-linha-verde,"-25.428900, -49.273300",The Linha Verde project in Curitiba combines a new BRT corridor with green infrastructure. It improves north-south urban mobility while restoring natural drainage systems and creating ecological parks. Aims to reduce floods and connect underserved neighborhoods.,AFD provided a €36.15M sovereign loan to Curitiba. City repays the loan through budgetary allocations over the term. Additional funding from the city and state government.,City’s public transport agency (URBS) and environment secretariat oversee BRT and park maintenance. Public-private bus operators run BRT services. Parks maintained by municipal environment and public works departments.,Improved access to transport for low-income communities; flood reduction; green space creation; urban biodiversity corridors; improved air quality and health.,Low-income populations in north and south Curitiba; bus commuters; residents near flood-prone areas and green park zones.,Mitigation via modal shift to BRT; adaptation via flood control and green infrastructure. Supports Curitiba’s climate action plan and Brazil’s low-carbon urban strategies.,"Integrated into Curitiba’s Master Plan, the National Policy on Urban Mobility, and Brazil’s NDC goals for mitigation and adaptation.",Land acquisition and coordination between transport and environment sectors required careful planning. Integrated design proved effective in combining mobility and resilience goals.
Fortaleza,CE,Brazil,Re‑Ciclo – E‑tricycle Door‑to‑Door Recycling,Inclusive recycling; E‑mobility,Solid waste; Social inclusion; Mobility,Solid Waste & Circular Economy; Transport; Urban Development & Housing,City program; philanthropy/awards,Municipal / Subnational Budget,—,,Municipality of Fortaleza; Partners,National / Subnational Government,LABIFOR/City; waste picker associations,Operational; scaling (Prize 2024),Under implementation / Operational,Electric tricycles and formalization of catadores to expand recycling and improve livelihoods.,Up to 500% income gains; 541% bikeway growth; strong replication narrative.,https://prizeforcities.org/2023-2024-winners,"-3.731900, -38.526700","Re-Ciclo is an e-tricycle waste collection program in Fortaleza, improving inclusive recycling while reducing GHGs from waste and transport. Trained informal waste pickers collect recyclables via electric tricycles, boosting efficiency and inclusion.","City-funded pilot program, with awards and philanthropy support (e.g., Prize for Cities). No loan repayment. Operated via city and civil society partnerships.",Program jointly managed by Fortaleza's Urban Environment Secretariat (SEUMA) and local NGOs. Waste pickers trained and supported in operation and maintenance of e-tricycles.,Job creation; social inclusion of informal workers; GHG reduction from cleaner transport and higher recycling; improved urban cleanliness and dignity of labor.,Informal waste pickers and low-income communities; environment gains from reduced landfill and emissions.,Mitigation through reduced emissions from fossil-fuel transport and increased recycling. Supports Fortaleza’s climate action plan.,"Aligned with Brazil’s solid waste policy and Fortaleza’s inclusive green jobs strategy. Featured in international innovation platforms (e.g., WRI Ross Prize).",Logistical and training barriers initially limited scale. Community co-design and iterative learning helped build trust and operational success.
Salvador,BA,Brazil,Urban Ocean – Inclusive Recycling & Circularity,Circular economy; Waste; Social inclusion,Solid waste; Resilience,Resilience & Disaster Risk Management; Solid Waste & Circular Economy; Urban Development & Housing,Grant/TA (Urban Ocean program),Grant / Technical Assistance,—,,Resilient Cities Network; The Circulate Initiative; Ocean Conservancy,Resilient Cities Network,Municipality of Salvador; Cooperatives,Active (2025),Under implementation / Operational,Integrates waste pickers into city recycling; improves sorting and livelihoods; reduces plastic leakage.,Resilience via circularity; social equity; baseline assessments and pilots.,https://resilientcitiesnetwork.org/urban-ocean/,"-12.970400, -38.512400","The Urban Ocean project in Salvador supports circular economy and inclusive recycling. It improves waste separation and community waste services, particularly in coastal and vulnerable areas, to reduce marine pollution and build urban resilience.","Funded via grant and TA from Resilient Cities Network’s Urban Ocean initiative (supported by Ocean Conservancy, C40 Cities). No repayment required.",City agencies and local partners co-manage waste and recycling systems; focus on integrating informal sector and improving coastal community resilience.,Plastic and marine pollution reduction; community health improvement; job creation in informal sector; resilience to coastal hazards; gender equity and youth engagement.,Low-income coastal communities; informal waste workers; residents at risk from pollution and flooding.,Mitigation through waste reduction and avoided landfill emissions. Adaptation via improved coastal waste resilience and sanitation infrastructure.,Supports Salvador’s local resilience plan and Brazil’s circular economy and coastal adaptation strategies.,Scaling inclusive recycling requires community trust and systemic investment. International peer learning and co-design proved critical.
Niterói,RJ,Brazil,Parque Orla Piratininga (Jardins Filtrantes),Constructed wetlands; Lagoon restoration,Water & environment; Public space,Environment & Nature-based Solutions; Urban Development & Housing; Water & Sanitation / Water Management,Municipal program; awards/TA,Grant / Technical Assistance; Municipal / Subnational Budget,—,,Municipality of Niterói; partners,National / Subnational Government,PRO Sustentável; technical consortium,Completed 2022 (ongoing ops),Completed,"35,000 m² of filter gardens to treat runoff entering Piratininga Lagoon; creation of a large urban park.",Biodiversity gains; water quality improvements; replicable NBS design.,https://aiph.org/green-city-case-studies/niteroi-brazil/,"-22.880800, -43.104300","Restores Piratininga Lagoon using nature-based solutions (constructed wetlands). Improves water quality, biodiversity, and climate resilience while creating public green space and educational infrastructure.","Funded by municipal budget, with support from national awards, TA from ICLEI, and green infrastructure grants. No debt component.",City of Niterói’s Environment Secretariat oversees O&M. Wetlands and public parks maintained by municipal green infrastructure team.,Flood mitigation; improved water quality; habitat creation; education and ecotourism; health benefits from cleaner lagoon and public space.,Residents of surrounding neighborhoods; city-wide visitors; schools and youth groups using the space for learning.,Adaptation through ecosystem restoration; GHG reduction from carbon sequestration and avoided pollution. Recognized as a climate-nature flagship.,Supports Niterói’s green infrastructure plan and Brazil’s urban ecosystem restoration strategies. Acknowledged by AIPH Green City program.,Maintaining ecosystem balance in urban wetlands requires monitoring and adaptive management. High visibility increased public awareness and political support.
Teresina,PI,Brazil,"Teresina Enhancing Municipal Governance & Quality of Life (incl. drainage, mobility)",Urban resilience; Drainage; Transport,Urban development; Mobility; Water,Resilience & Disaster Risk Management; Transport; Urban Development & Housing; Water & Sanitation / Water Management,IBRD loan,Loan,—,,World Bank (IBRD),World Bank,Municipality of Teresina,Completed/closed (per ICR),Completed,"Investments in drainage, transport corridors and city management to improve resilience and services.",Strong evaluation docs (PAD/ICR); replicable multi‑sector design.,https://documents.worldbank.org/en/publication/documents-reports/documentdetail/457731468019778469,"-5.089200, -42.801900","Improves climate resilience, urban mobility, and flood management in Teresina through integrated drainage, road, and transport infrastructure. Supports institutional modernization to strengthen public service delivery and reduce vulnerability to climate-related flooding.","US$31.5M IBRD loan to the Municipality of Teresina with sovereign guarantee. Repaid through municipal budget over long term, with technical support from national programs.",City government departments manage transport and drainage systems post-construction. Institutional strengthening supported by digital tools and capacity building.,Improved urban mobility; reduced health risks from flooding; transparency and efficiency in public financial management; inclusive urban design.,Low-income neighborhoods in flood-prone areas; daily commuters; municipal departments benefiting from administrative improvements.,Strengthens resilience to climate-induced floods; mitigates urban transport emissions through planning upgrades.,Aligned with Brazil’s National Policy on Climate Change and Teresina’s integrated urban development strategy. Recognized in World Bank climate finance portfolio.,Early coordination between urban planning and drainage sectors was key. Emphasized participatory planning and inter-agency cooperation.
São Paulo,SP,Brazil,Metro Line 2 – Green Expansion,Mass transit expansion (low‑carbon),Urban mobility,Transport,IBRD loan,Loan,US$250M,250000000,World Bank; State of São Paulo,National / Subnational Government; World Bank,Companhia do Metropolitano de São Paulo,Approved 2025,Approved,Extends Line 2‑Green and integrates with social housing; enhances low‑carbon access.,Low‑carbon mobility; inclusion; integrated planning.,https://www.worldbank.org/en/news/press-release/2025/03/18/world-bank-supports-sao-paulo-metro-expansion,"-23.550500, -46.633300","Expands São Paulo Metro Line 2–Green by 8.3 km to the east zone, serving underserved communities. Improves access, reduces GHG emissions from road transport, and strengthens inclusive public transport infrastructure.","US$250M IBRD loan to the State of São Paulo, complemented by state and private funding under PPP model. Repayment over 20+ years with sovereign backing.","ViaMobilidade, a private concessionaire, operates and maintains the metro line under PPP terms. Integrates with the wider São Paulo metro system.",Travel time savings; improved job access; lower air pollution; increased public safety and gender inclusion through safer stations and vehicles.,"Low-income populations in São Paulo’s east zone, especially in Guaianases and Penha districts. Broader metro region benefits from connectivity.","Supports modal shift to low-emission transport. Estimated GHG reduction of 38,000 tCO2e/year. Aligned with national mitigation targets.",Part of Brazil’s urban mobility investment pipeline and São Paulo’s low-carbon strategy. Featured in World Bank’s climate-tagged transport loans.,Complex land acquisition and urban interface challenges. Lessons from prior metro expansions informed mitigation measures and design sequencing.
São Paulo,SP,Brazil,Climate Fund – Caieiras Landfill Biomethane/Power,Methane capture; Renewable energy,Solid waste / energy,Energy; Solid Waste & Circular Economy,BNDES Climate Fund loan,Climate / Carbon Finance; Loan,BRL 93.8M (loan example),18760000,BNDES Climate Fund,BNDES,Essencis/Termoverde Caieiras,Approved 2023 (example loan),Approved,Climate Fund supports landfill gas capture and biomethane/power generation at Caieiras site.,Domestic climate finance; strong mitigation; scalable model.,https://renewablesnow.com/news/brazils-bndes-grants-usd-46m-of-loans-for-biogas-projects-842341/,"-23.550500, -46.633300",Supports generation of biomethane and electricity from landfill gas at Caieiras landfill. Reduces methane emissions and produces renewable energy for local consumption and grid injection. Demonstrates circular economy model for waste-to-energy.,"Funded by BRL 93.8M loan from BNDES Climate Fund to private concessionaire. Repayment through sale of energy and biomethane, with support from carbon credit revenues.","Private operator manages landfill gas capture, treatment, and conversion infrastructure. Ongoing performance monitored by environmental regulators.",Reduces landfill odor and fire risk; creates green jobs; supports energy access and local air quality improvement.,Residents of São Paulo metro area; utilities and fuel distributors sourcing renewable gas; waste sector workforce.,Targets short-lived climate pollutants; major GHG reduction from methane destruction. Supports Brazil’s NDC commitments on energy and waste.,Aligns with Brazil’s National Solid Waste Plan and renewable energy goals. Supported by BNDES climate innovation portfolio.,Technology and gas quality risks required upfront validation. Market linkage for biomethane is key to long-term viability.
Recife,PE,Brazil,CITinova – Filtering Garden & Parque Capibaribe pilots,Nature‑based solutions; Water quality; Public space,Urban environment; Water,Environment & Nature-based Solutions; Urban Development & Housing; Water & Sanitation / Water Management,GEF grant via UNEP (TA + pilots),Grant / Technical Assistance,—,,GEF; UNEP; MCTI (Brazil),GEF; UN Agency,Recife Municipality; CITinova consortium,Completed/operational (2019–2023),Under implementation / Operational,Large filtering garden and riverfront interventions to treat runoff and rejuvenate public space.,Documented pilots; strong replication value; community benefits.,https://open.unep.org/docs/gef/PIR/FY2023/9142_Brazil_PIR2023.pdf,"-8.057800, -34.882900","Implements green infrastructure pilots in Recife including filtering gardens and urban park regeneration (Parque Capibaribe). Demonstrates NbS for urban water management, biodiversity restoration, and community wellbeing.",Funded by GEF via UNEP grant under CITinova program. No loan repayment; support covers TA and pilot implementation by local agencies.,City’s environment and planning departments manage maintenance. Community partnerships support stewardship and monitoring of NbS sites.,Flood control; increased urban vegetation and recreation space; improved water quality; social cohesion and public awareness of nature-based planning.,Flood-vulnerable communities in Recife; students and local visitors; biodiversity in urban areas; low-income users of restored parks.,Adaptation through urban ecosystem restoration; mitigation via urban greening and water-energy savings.,Part of Recife’s Climate Plan and national urban NbS framework supported by MMA and UNEP.,Local adaptation of international NbS concepts required. Interdisciplinary planning and local champions crucial for success.
Belém (Metro region),PA,Brazil,CITinova II – Low‑Emission Street & Urban Bioeconomy,Low‑carbon district; NbS; Green economy,Urban development; Mobility; Energy; Biodiversity,Energy; Environment & Nature-based Solutions; Transport; Urban Development & Housing,GEF grant via UNEP/MCTI,Grant / Technical Assistance,—,,GEF; UNEP; MCTI,GEF; UN Agency,Belém/Ananindeua/Marituba; partners,Under implementation,Under implementation / Operational,Pilots an integrated low‑emission street and metropolitan conservation/bioeconomy actions.,Multi‑level governance; links city and ecosystems; replication tests.,https://open.unep.org/docs/gef/PIR/FY2023/9142_Brazil_PIR2023.pdf,"-1.455000, -48.502400","Demonstrates low-emission street design and urban bioeconomy hub in Belém’s metro region. Combines clean mobility, green infrastructure, and circular economy initiatives in pilot district, linking urban sustainability with Amazonian priorities.",Grant-funded under GEF CITinova II via UNEP/MCTI. No repayment; municipal partners co-finance implementation and maintenance.,City and state partners manage infrastructure and services. Local bioeconomy actors engaged in enterprise support and circular waste management.,Sustainable transport; job creation in bioeconomy; urban biodiversity and flood reduction; local innovation and cultural recognition.,Residents of Belém’s pilot district; informal workers and youth engaged in circular economy; environmental education beneficiaries.,Mitigation via green transport and waste-to-value chain; adaptation through NbS and resilient design. Supports Amazon biome climate agenda.,"Aligned with Pará’s green economy strategy, Belém’s climate commitments, and Brazil’s Amazon development and climate resilience goals.",Requires deep local coordination and continuity beyond pilot phase. Emphasizes inclusive design and scaling through Amazon cities network.
Salvador,BA,Brazil,PMAMC – Climate Action Plan 2020–2049 (IDB‑funded preparation),City climate planning (mitigation & adaptation),Cross‑sector,Cross-sector,IDB grant (plan preparation),Grant / Technical Assistance,—,,IDB (via Prodetur); C40; GIZ; others,IDB,ICLEI; WayCarbon; WWF; Salvador Secis,Completed 2020 (guiding implementation),Completed,"Comprehensive, equity‑centered climate plan with targets to 2049; 57 priority actions.",Strong participation; equity lens; recognized by C40.,https://americadosul.iclei.org/salvadors-climate-action-plan-also-aims-to-reduce-socioeconomic-inequality/,"-12.970400, -38.512400",,,,,,,,
Rio de Janeiro,RJ,Brazil,COR – City Operations & Resilience Center / Alerta Rio,Early warning; Multi‑agency operations center,Disaster risk management,Resilience & Disaster Risk Management,City investment; partner TA (IBM; WB/GFDRR),Grant / Technical Assistance; Municipal / Subnational Budget,—,,Municipality of Rio; partners,National / Subnational Government,COR Rio; Defesa Civil; IBM (tech partner),Operational since 2010,Under implementation / Operational,24/7 multi‑agency hub integrates data from 30+ agencies for climate/disaster monitoring and response.,Global reference; early warnings and public alert systems; replicable governance model.,https://publications.iadb.org/publications/english/document/International-Case-Studies-of-Smart-Cities-Rio-de-Janeiro-Brazil.pdf,"-22.906800, -43.172900",,,,,,,,
São Paulo,SP,Brazil,World Bank/IDB – E‑bus Program (IDB link),Fleet electrification,Urban mobility,Transport,IDB loan,Loan,US$248.3M,248300000,IDB,IDB,Municipality of São Paulo; SPTrans,Approved 2025,Approved,IDB co‑financing for the São Paulo e‑bus transition.,Multilateral co‑finance; largest fleet transition in LAC.,https://www.iadb.org/en/news/municipality-sao-paulo-expand-electric-bus-fleet-idb-support,"-23.550500, -46.633300",,,,,,,,
Curitiba (and others via UIIF),PR,Brazil,Urban Infrastructure Insurance Facility – UIIF cohort,Climate risk insurance; Financial resilience,DRM/finance,Resilience & Disaster Risk Management,KfW/BMZ via ICLEI (grant/TA),Grant / Technical Assistance,—,,InsuResilience (KfW/BMZ); ICLEI,InsuResilience; KfW / BMZ,"ICLEI; cities incl. Curitiba, Porto Alegre, Recife",Active (2024–2025),Under implementation / Operational,Regional program designing city‑level insurance solutions for climate risks.,Portfolio of Latin American cities; replicable templates for risk transfer.,https://uiif-resilience.org/cities/,"-25.428900, -49.273300",,,,,,,,
São Paulo,SP,Brazil,World Bank – E‑bus Program (Project doc excerpt),Fleet electrification,Urban mobility,Transport,IBRD loan,Loan,US$248.3M,248300000,World Bank (IBRD),World Bank,Municipality of São Paulo; SPTrans,Appraisal 2024; approved 2025,Approved,Project document outlines rationale for replacing diesel buses with ZE fleet in SP.,Clear climate rationale; sector emissions baseline; strong MRV.,https://documents1.worldbank.org/curated/en/099091224091031915/pdf/P500501-8195a190-0911-42ee-8909-c6f5e6e625b0.pdf,"-23.550500, -46.633300",,,,,,,,
São Paulo,SP,Brazil,BNDES – New Climate Fund (urban projects window),Domestic climate finance platform,"Cross‑sector (urban mobility, waste, energy)",Cross-sector; Energy; Transport,Climate Fund (reimbursable & non‑reimbursable),Climate / Carbon Finance,BRL 19B approved 2023–2025 (portfolio),3800000000,BNDES; MMA; potential GCF co‑finance,BNDES,BNDES (financial agent),Active 2023–2025,Under implementation / Operational,"Platform to finance climate projects incl. city transit (e.g., VLT) and waste/energy efficiency.",Transparency portal; blended finance; municipal pipelines.,https://cop30.br/en/news-about-cop30/bndes-launches-platform-to-monitor-climate-fund-investments,"-23.550500, -46.633300",,,,,,,,
Rio de Janeiro (statewide),RJ,Brazil,Tietê Upstream Program – Penha Dam reach (state),Riverbank restoration; Water quality improvements,Water & environment,Environment & Nature-based Solutions; Water & Sanitation / Water Management,IDB loan,Loan,—,,IDB,IDB,DAEE (state agency),Approved,Approved,Recovery and preservation of riverbanks and water quality upstream of Penha Dam.,Complements SABESP investments; watershed approach.,https://www.iadb.org/en/project/BR-L1536,"-22.906800, -43.172900",,,,,,,,
Fortaleza,CE,Brazil,Fortaleza SUDP – Implementation Status Report (progress note),Project monitoring/reporting,Urban development,Urban Development & Housing,IBRD loan,Loan,—,,World Bank,World Bank,Municipality of Fortaleza,ISR March 2025 indicates strong progress,Under implementation / Operational,Works for Rachel de Queiroz Park Phase II and lagoon upgrades; microparks; sewer connections.,Clear milestones; useful for replication tracking.,https://documents1.worldbank.org/curated/en/099121824134041918/pdf/P153012-d1eae7f9-b634-4444-b757-254d99675454.pdf,"-3.731900, -38.526700",,,,,,,,
Porto Alegre,RS,Brazil,Programa de Inovação Social para Transformação Territorial de Porto Alegre,Post-disaster resilience; Integrated territorial hubs; Flood recovery,Resilience; Urban development; Social infrastructure,Resilience & Disaster Risk Management; Urban Development & Housing,CAF sovereign loan,Loan,US$80M,80000000,CAF – Development Bank of Latin America and the Caribbean,CAF,Municipality of Porto Alegre,Approved Dec 2024,Approved,Rebuilds flood-damaged areas and creates Integrated Territorial Complexes (multi-service community hubs) with resilient infrastructure in vulnerable districts.,Holistic climate resilience + social services; decentralized hubs double as shelters; 100% green loan classification.,https://www.caf.com/es/actualidad/noticias/caf-aprueba-usd-80-millones-para-mejorar-la-resiliencia-climatica-de-porto-alegre/,"-30.034600, -51.217700",,,,,,,,
Belo Horizonte,MG,Brazil,Resilient Urban Watersheds (Capão & Piratininga) – C40 CFF,Nature-based stormwater; Green corridors; Rain gardens; Rainwater harvesting,Water & environment; Resilience,Environment & Nature-based Solutions; Resilience & Disaster Risk Management; Water & Sanitation / Water Management,Technical assistance (C40 Cities Finance Facility),Grant / Technical Assistance,—,,C40 CFF (funded by BMZ & FCDO),C40 CFF; KfW / BMZ,City of Belo Horizonte; C40–GIZ (CFF),Planned / Under preparation (selected Nov 2025),Planned,Watershed-scale NbS to manage stormwater and heat in vulnerable basins; aims to reduce flood impacts by ~40% through distributed green infrastructure.,Shift from gray to NbS at watershed scale; strong replication potential; early-stage project prep for bankability.,https://www.c40.org/news/belo-horizonte-sao-paulo-rabat-and-cartagena-to-receive-funding-boost-for-new-climate-projects/,"-19.912998, -43.940933",,,,,,,,
São Paulo,SP,Brazil,Jardim Orion II – Billings Reservoir Urban Regeneration (C40 CFF),Nature-based urban regeneration; Flood resilience; Watershed management,Urban development; Water & environment,Environment & Nature-based Solutions; Resilience & Disaster Risk Management; Urban Development & Housing; Water & Sanitation / Water Management,Technical assistance (C40 Cities Finance Facility),Grant / Technical Assistance,—,,C40 CFF (BMZ & FCDO),C40 CFF; KfW / BMZ,Municipality of São Paulo; C40–GIZ (CFF),Planned / Under preparation (announced Nov 2025),Planned,"Integrates NbS (parks, wetlands) into the Watershed Protection Programme to reduce flooding and improve water security in a high-risk floodplain.",First integration of NbS into São Paulo’s watershed program; social inclusion; potential for green jobs.,https://www.c40.org/news/belo-horizonte-sao-paulo-rabat-and-cartagena-to-receive-funding-boost-for-new-climate-projects/,"-23.550500, -46.633300",,,,,,,,
Teresina,PI,Brazil,Lagoa do Mazerine Rain Garden & Linear Park (UrbanShift/CITinova),Rain garden; Urban green infrastructure; Flood adaptation,Resilience; Urban environment,Environment & Nature-based Solutions; Resilience & Disaster Risk Management,GEF grant (via UNEP/MCTI) – pilot,Grant / Technical Assistance,—,,GEF; UNEP; MCTI (CITinova/UrbanShift),GEF; UN Agency,Municipality of Teresina; CITinova partners,Completed 2024,Completed,Demonstration rain garden and park absorbing stormwater to reduce floods; adds green public space and urban cooling benefits.,"Low-cost, high-impact NbS; strong community co-benefits; replicable in medium cities.",https://www.shiftcities.org/post/how-teresina-accelerating-its-transition-green-and-resilient-city,"-5.089200, -42.801900",,,,,,,,
Florianópolis (Metro Region),SC,Brazil,CITinova II – Metropolitan Low-Carbon & Nature-Positive Pilots,Low-emission mobility/buildings; NbS; Metropolitan governance,Urban development; Mobility; Energy; Nature,Energy; Transport; Urban Development & Housing,GEF-7 grant (via UNEP/MCTI),Grant / Technical Assistance,—,,GEF; UNEP; MCTI; local co-finance,GEF; UN Agency,Municipalities of Greater Florianópolis; MCTI; partners,Under implementation (since 2023),Under implementation / Operational,"Metropolitan-scale pilots to cut emissions and enhance resilience (e.g., sustainable mobility, protection of coastal ecosystems).",Metropolitan approach; integrates climate and biodiversity; scalable finance pathways.,https://open.unep.org/docs/gef/PIR/FY2023/9142_Brazil_PIR2023.pdf,"-27.596900, -48.549500",,,,,,,,
Belo Horizonte,MG,Brazil,DRENURBS – Environmental Recovery & Drainage for Valley Floors (IDB),Urban drainage; Sewer expansion; Resettlement; Early warning,Water & sanitation; Resilience,Resilience & Disaster Risk Management; Urban Development & Housing; Water & Sanitation / Water Management,IDB loan (CCLIP first operation),Loan,—,,Inter-American Development Bank (IDB),IDB,Municipality of Belo Horizonte; possible CAIXA (financial agent),Planned / In preparation (IDB profile active),Under implementation / Operational,"Major drainage works, sewer expansion, and resettlement from high-risk floodplains; includes institutional strengthening and EWS.",Climate-resilient sizing; equity focus; programmatic CCLIP enables scaling to other cities.,https://www.iadb.org/en/project/BR-L1647,"-19.912998, -43.940933",,,,,,,,
Recife,PE,Brazil,ProMorar Recife – Urban Resilience & Revitalization Program,Resilient slum upgrading; Flood & landslide risk reduction,Urban development; Resilience; Housing,Resilience & Disaster Risk Management; Urban Development & Housing,IDB sovereign-guaranteed loan,Loan,US$260M (IDB) + local counterpart,260000000,Inter-American Development Bank (IDB),IDB,Municipality of Recife,Approved Jan 2023; Under implementation,Under implementation / Operational,"Upgrades 40 vulnerable communities with drainage, housing, social facilities; reduces flood and landslide risks; strengthens city DRM capacity.",Climate criteria in prioritization; large-scale inclusive adaptation; strong documentation and KPIs.,https://www.iadb.org/en/project/BR-L1609,"-8.057800, -34.882900",,,,,,,,
Buenos Aires,CABA,Argentina,Urban Flood Prevention and Drainage Project (APL1),"Flood control (drainage tunnels, canals); early warning",Water management; Urban resilience,Resilience & Disaster Risk Management; Water & Sanitation / Water Management,IBRD loan (Adaptable Program Loan),Grant / Technical Assistance; Loan,~US$130M,130000000,World Bank (IBRD); Government of Argentina,National / Subnational Government; World Bank,City of Buenos Aires (Min. Urban Development); Nat'l Min. Public Works,Completed (approved 2005; closed ~2011),Completed,"Constructed major drainage tunnels/canals (e.g., Vega, Maldonado basins) and non-structural flood measures to reduce flash-flood risk for ~3M residents.",Multi-basin gray infrastructure + planning; basis for later phases.,https://documents.worldbank.org,"-34.603700, -58.381600",,,,,,,,
"Multi-city (incl. Resistencia, Virasoro)",Santa Fe; Chaco; Corrientes; Entre Ríos,Argentina,Urban Flood Prevention and Drainage Project – Phase 2 (APL2),Flood control; integrated watershed management,Water management; Urban resilience,Resilience & Disaster Risk Management; Water & Sanitation / Water Management,IBRD loan (APL2),Loan,~US$150M,150000000,World Bank (IBRD); Government of Argentina; Provinces,National / Subnational Government; World Bank,Nat'l Min. Public Works; provincial governments,Completed (~2011–2017),Completed,Scaled flood protection to additional jurisdictions; drainage works and watershed plans across multiple provinces.,Multi-jurisdictional coordination; integrated planning.,https://worldbank.org,,,,,,,,,
Buenos Aires,CABA,Argentina,Flood Risk Management Support Project for the City of Buenos Aires (Loan 8628-AR),Urban flood resilience; early warning; NBS pilot,DRM; Water,Resilience & Disaster Risk Management; Water & Sanitation / Water Management,IBRD loan,Loan,US$200M,200000000,World Bank (IBRD); City of Buenos Aires,National / Subnational Government; World Bank,Hydraulic Dept.; Emergency Agency (BA),Completed (2016–2023),Completed,"Strengthened flood risk management, built EWS and council; drainage upgrades in vulnerable areas; NBS retention lagoon/park in Cildáñez basin.",Green-gray integration; institutional coordination; inclusive approach.,https://worldbank.org,"-34.603700, -58.381600",,,,,,,,
La Matanza (GBA),Buenos Aires Province,Argentina,Metrobus La Matanza (PTUMA add'l financing),BRT corridor; sustainable mobility,Transport (low-carbon),Environment & Nature-based Solutions; Transport,IBRD loan (add'l financing),Loan,US$45M (WB share),45000000,World Bank; Government of Argentina,National / Subnational Government; World Bank,Ministry of Transport; Province; Municipality,Completed (2017 opening),Completed,"16-km BRT with 40 stations, serving ~240k users/day; time savings ~30%; intermodal terminal works.",Equity for low-income suburb; emissions and air quality benefits.,https://worldbank.org,"-34.717000, -58.633000",,,,,,,,
Buenos Aires Metropolitan Area,CABA / Buenos Aires,Argentina,Matanza–Riachuelo Basin Sustainable Development (multi-phase),Wastewater treatment; floodable green areas; industrial cleanup,Water & sanitation; Urban environment,Environment & Nature-based Solutions; Resilience & Disaster Risk Management; Water & Sanitation / Water Management,IBRD loans (multi-phase),Loan,~US$1.2B (2009–2022),1200000000,World Bank (IBRD); Government of Argentina (ACUMAR; AySA),National / Subnational Government; World Bank,ACUMAR; AySA utility,Under implementation,Under implementation / Operational,"Riachuelo megaproject: pretreatment plant, deep outfall, tunnels; floodable green areas; industrial relocation/control.",Largest WB urban environmental project in LAC; circular economy elements.,https://worldbank.org,"-34.603700, -58.381600",,,,,,,,
Multi-city (Norte Grande & central),Chaco; Formosa; Salta; Jujuy; Tucumán; Misiones; Santa Fe; Buenos Aires,Argentina,Climate Resilient Infrastructure for Urban Flood Risk Management,"Flood control + NBS (linear parks, rain gardens); EWS; solid waste for drainage",Water; DRM,Environment & Nature-based Solutions; Resilience & Disaster Risk Management; Solid Waste & Circular Economy; Urban Development & Housing; Water & Sanitation / Water Management,IBRD loan,Loan,US$200M,200000000,World Bank; Government of Argentina,National / Subnational Government; World Bank,Nat'l Min. Public Works; provincial governments,Approved (June 2023),Approved,Finance gray + green measures to reduce urban flood risk for ~1M people; strengthen planning and gender-inclusive governance.,Gray-green paradigm shift; multi-phase scalability.,https://worldbank.org,,,,,,,,,
Rosario; Córdoba; San Miguel de Tucumán; Posadas,Santa Fe; Córdoba; Tucumán; Misiones,Argentina,GEF Sustainable Transport and Air Quality (Argentina),BRT pilots; bikeways; pedestrianization,Transport; Energy (mitigation),Energy; Transport,GEF grant + IBRD co-financing,Grant / Technical Assistance,US$4M GEF + ~US$150M co-finance,154000000,GEF; World Bank; Government of Argentina; cities,GEF; National / Subnational Government; World Bank,Nat'l Min. Transport; municipalities,Completed (2010–2014),Completed,Cycling networks; BRT corridors; bike-share; planning TA; measurable GHG reductions.,Small grant leveraged large national program; formalization of operators.,https://worldbank.org,,,,,,,,,
Multi-city (public buildings across province),Santa Fe Province,Argentina,Energy Efficiency in Public Buildings Program (AFD),Building retrofits; LED; HVAC; solar water,Energy efficiency; Public facilities,Energy; Water & Sanitation / Water Management,AFD sovereign loan,Loan,€50M,55000000,AFD (France); Province of Santa Fe,AFD; National / Subnational Government,Provincial Energy Secretariat; Min. Economy,Approved (2025),Approved,"Retrofits in hospitals, schools, airports to cut energy use ~40%; capacity building in energy management.",Subnational green investment; resilience co-benefits in critical facilities.,https://www.santafe.gob.ar,,,,,,,,,
San Javier,Santa Fe Province,Argentina,San Javier River Defense and Stabilization (OFID),Levees; embankments; riverbank stabilization,Water; DRM,Resilience & Disaster Risk Management; Water & Sanitation / Water Management,OFID loan,Loan,US$25M,25000000,OPEC Fund (OFID); Argentina (federal trust),OPEC Fund,Province of Santa Fe; Municipality of San Javier,Under implementation (2025 financing secured),Under implementation / Operational,Completes protective embankment and stabilizes riverbanks to mitigate Paraná River flooding for thousands of residents.,Critical adaptation for a vulnerable river city; multi-source finance.,https://www.santafe.gob.ar,"-30.583200, -59.949600",,,,,,,,
Concordia; Colón; Concepción del Uruguay (binational),Entre Ríos,Argentina,Uruguay River Coastal Adaptation (Adaptation Fund),Flood protection; wetland restoration; planning & EWS,Resilience; Coastal management; Ecosystems,Environment & Nature-based Solutions; Resilience & Disaster Risk Management,Adaptation Fund grant (via CAF/UNDP),Grant / Technical Assistance,~US$14M (binational),14000000,Adaptation Fund; CAF (IE); UNDP; provincial/municipal,Adaptation Fund; CAF; UN Agency,Entre Ríos environmental secretariat; UNDP,Under implementation (~2019–),Under implementation / Operational,Resilience measures and NbS along the Lower Uruguay River in Argentine municipalities (with parallel actions in Uruguay).,First AF urban adaptation in Argentina; gender & rights-based approach.,https://www.undp.org,,,,,,,,,
Bogotá,Bogotá D.C.,Colombia,First Metro Line of Bogotá – Section 1,Electric metro (MRT); integrated transit,Transport (low-carbon),Transport,Sovereign loans + PPP,Loan; PPP / Concession,~US$4.3B total; WB/IDB/EIB/AIIB shares,4300000000,World Bank; IDB; EIB; AIIB; Bogotá city,IDB; World Bank,Empresa Metro de Bogotá; APCA Transmimetro (concession),Under implementation (2020–2028),Under implementation / Operational,24-km elevated electric metro with 16 stations; integrated with TransMilenio; major emissions and travel-time reductions.,Blended finance; equity benefits; TOD catalyst.,https://worldbank.org,"4.710990, -74.072090",,,,,,,,
Bogotá (Usme),Bogotá D.C.,Colombia,TransMilenio Electric Bus Fleet – Usme Zone (IDB Invest),Fleet electrification; charging depots,Transport; Clean energy,Energy; Transport,IDB Invest loan (project finance),Loan,~US$92M total; US$28.8M IDB Invest,120800000,IDB Invest; private investors,IDB; IDB Invest; Private / PPP,Usme ZE S.A.S.; TransMilenio S.A.,Under implementation (loan 2022; buses 2023),Under implementation / Operational,Financing for 229 battery-electric buses and charging for the Usme concession within Bogotá’s integrated system.,Derisks e-bus adoption; replicable PPP structure.,https://idbinvest.org,"4.710990, -74.072090",,,,,,,,
Bogotá Metro Area,Cundinamarca,Colombia,Río Bogotá Environmental Restoration and Flood Control,Flood control; river parks; WWTP expansion,Water management; Resilience,Environment & Nature-based Solutions; Resilience & Disaster Risk Management; Urban Development & Housing; Water & Sanitation / Water Management,IBRD loan,Loan,US$250M (WB) + local,250000000,World Bank; CAR; EAAB,World Bank,CAR; EAAB (Bogotá Water),Under implementation (2011–),Under implementation / Operational,68.5 km of flood control works; 203 ha of river parks; Salitre WWTP upgrade to secondary treatment; resettlement and tools.,Holistic resilience; green spaces; institutional cooperation.,https://worldbank.org,"4.710990, -74.072090",,,,,,,,
Bogotá,Bogotá D.C.,Colombia,Doña Juana Landfill Gas-to-Energy,Methane capture; waste-to-energy,Waste; Renewable energy,Energy; Solid Waste & Circular Economy,PPP + CDM carbon finance,Climate / Carbon Finance; PPP / Concession,~US$20M initial + revenues,20000000,Private concessionaire; CDM buyers; city,Private / PPP,UAESP; landfill operator,Operational (gas-to-power since 2016),Under implementation / Operational,"LFG capture and 30 MW power plant; ~900,000 tCO₂e/year mitigated; revenue-sharing to local community projects.",Climate finance + justice; first of its kind in Colombia.,https://www.c40.org,"4.710990, -74.072090",,,,,,,,
Bogotá,Bogotá D.C.,Colombia,Bogotá Disaster Vulnerability Reduction Project (DVRP),Seismic retrofits; drainage; EOC & early warning,Urban resilience; Infrastructure safety,Resilience & Disaster Risk Management; Water & Sanitation / Water Management,IBRD loan (APL),Loan,US$80M,80000000,World Bank; Bogotá District,World Bank,IDIGER; city health/education depts.,Completed (2006–2013),Completed,Retrofit >70 public buildings; slope/drainage works; emergency command center; integrated risk info system.,Proactive risk reduction; lowered fiscal vulnerability.,https://worldbank.org,"4.710990, -74.072090",,,,,,,,
Medellín,Antioquia,Colombia,Green Corridors (Corredores Verdes),Urban cooling; greening; stormwater absorption,Urban environment; Resilience,Environment & Nature-based Solutions; Resilience & Disaster Risk Management; Water & Sanitation / Water Management,Municipal program (with TA/philanthropy),Grant / Technical Assistance; Municipal / Subnational Budget,~US$16.3M; ~$0.6M/yr O&M,16300000,City of Medellín; Bloomberg Philanthropies; C40,National / Subnational Government; Philanthropy,Secretariat of Environment; Jardín Botánico,Completed initial phase (2016–2019); ongoing maintenance,Completed,30 vegetated corridors along roads/streams; ~2°C average temperature reduction; air quality and biodiversity co-benefits.,"High impact, low cost; green jobs for local gardeners.",https://www.weforum.org,"6.244200, -75.581200",,,,,,,,
Medellín,Antioquia,Colombia,Metrocable Lines J & L (Urban Gondolas),Electric aerial cable transit; hillside access,Transport; Social urbanism,Transport,Public investment + KfW support,PPP / Concession,~US$50M (J & L),50000000,City of Medellín; Metro de Medellín; KfW (support),KfW / BMZ; National / Subnational Government,Metro de Medellín; city urban dev. co.,Completed (2008; 2010),Completed,Cable cars connecting peripheral comunas to metro; large time savings; reduced emissions and promoted social inclusion.,Climate-smart for steep terrain; catalyzed urban renewal around stations.,https://kfw.de,"6.244200, -75.581200",,,,,,,,
Cartagena,Bolívar,Colombia,TransCaribe BRT System,BRT; CNG buses; route reorganization,Transport (mitigation),Transport,IBRD loan (NUTP) + local,Loan,~US$240M (system),240000000,World Bank; Gov. of Colombia; City of Cartagena,National / Subnational Government; World Bank,TransCaribe S.A.; Min. Transport,Operational (since 2016),Under implementation / Operational,10.5-km segregated BRT with 16 stations; CNG articulated fleet; ~120k riders/day; travel time ↓ ~30%.,Mitigation + formalization; hybrid operations to reduce transfers.,https://itdp.org,"10.399700, -75.514400",,,,,,,,
Canal del Dique region (Cartagena/Barranquilla),Bolívar; Atlántico,Colombia,Canal del Dique Climate Adaptation & Ecosystem Restoration,Flood control infrastructure; wetland/mangrove restoration,Water resources; Adaptation,Environment & Nature-based Solutions; Resilience & Disaster Risk Management; Water & Sanitation / Water Management,Public works (PPP under preparation),PPP / Concession,~US$800M (est.),800000000,Government of Colombia; studies w/ MDB support,National / Subnational Government,Fondo Adaptación; Cormagdalena; CARDIQUE,Approved/preparation (bidding 2023),Approved,"Locks, gates, embankments to regulate flows/sediment; protect 1.5M+ people; restore coastal ecosystems.",Build-back-better after 2010-11 floods; large-scale NbS integration.,https://fondoadaptacion.gov.co,,,,,,,,,
Barranquilla,Atlántico,Colombia,BiodiverCity & Equity Program (Barranquilla + Naturaleza),Urban green infrastructure; inclusive public spaces,Urban development; Environment,Environment & Nature-based Solutions; Urban Development & Housing,IDB investment loan (results-based),Loan,US$100M,100000000,IDB; City of Barranquilla,National / Subnational Government,Mayor’s Office; EDUBAR,Under implementation (approved 2023),Under implementation / Operational,"Ecosystem restoration (e.g., Mallorquín Lagoon), urban forests and parks in underserved areas; migrant inclusion centers.",Climate + social equity; results-based disbursements.,https://iadb.org,"10.968500, -74.781300",,,,,,,,
Bucaramanga,Santander,Colombia,MetroLínea – Integrated Mass Transit System,BRT corridors; clean bus fleet,Transport,Environment & Nature-based Solutions; Transport,IBRD loan (NUTP) + local,Loan,~US$100M (WB share for city),100000000,World Bank; Gov. of Colombia; City of Bucaramanga,National / Subnational Government; World Bank,MetroLínea S.A.; Min. Transport,Partially operational (since 2010; expansion ongoing),Under implementation / Operational,~17 km BRT trunks with 36 stations; reorganized routes and formalized operators; improved air quality and access.,Scaling BRT to mid-sized cities; lessons on feeders and fare integration.,https://worldbank.org,"7.113300, -73.120500",,,,,,,,
Buenos Aires,CABA,Argentina,Paseo del Bajo Urban Corridor,Urban corridor; green infrastructure; bike paths; freight separation,Transport; Urban environment,Transport; Environment & Nature-based Solutions; Urban Development & Housing,Public works + PPP; CAF loan,Loan; PPP / Concession; Public Works,~US$700M (incl. US$400M CAF loan),700000000,CAF; City of Buenos Aires; land value capture,CAF; National / Subnational Government; Private / PPP,City of Buenos Aires; AUSA,Completed,Completed,"7.1 km corridor with freight lanes, parks, and cycling infrastructure reducing congestion and emissions.",Green urban highway model; strong land value capture finance.,https://www.caf.com,"-34.603700, -58.381600",,,,,,,,
Multi-city,Multiple provinces,Argentina,GIRSU National Urban Solid Waste Management,Sanitary landfills; recycling; dumpsite closure; wastepicker inclusion,Solid waste; Environment,Solid Waste & Circular Economy; Environment & Nature-based Solutions,IBRD loan + national/local co-finance,Loan,US$40M + US$50M (approx.),90000000,World Bank; Government of Argentina; municipalities,World Bank; National / Subnational Government,Ministry of Environment; municipalities; cooperatives,Completed,Completed,"Created sanitary landfills, closed dumps, built recycling plants, and integrated wastepickers in multiple cities.",Waste + social inclusion; methane mitigation.,https://www.worldbank.org,,,,,,,,,
Rosario,Santa Fe,Argentina,Rosario Urban Agriculture Program,Urban agriculture; green infrastructure; flood-buffering parks,Urban environment; Agriculture; NBS,Environment & Nature-based Solutions; Urban Development & Housing,Municipal program; grants; TA,Municipal / Subnational Budget; Grant / Technical Assistance,<US$5M (approx.),5000000,City of Rosario; UN-Habitat; FAO; national programs,National / Subnational Government; UN Agency; Philanthropy,City of Rosario; cooperatives; NGOs,Under implementation,Under implementation / Operational,"Converts vacant land into agroecological farms that absorb runoff, reduce heat, and increase food security.",Global NBS model; WRI Ross Prize winner.,https://www.wri.org,"-32.946800, -60.639300",,,,,,,,
Salado Basin,Buenos Aires Province,Argentina,Salado River Basin Integrated Flood Control,River channelization; bridge upgrades; basin flood management,Water management; Flood resilience,Water & Sanitation / Water Management; Resilience & Disaster Risk Management,IBRD loan,Loan,US$300M + provincial ~US$150M,450000000,World Bank; Province of Buenos Aires,World Bank; National / Subnational Government,Province of BA; basin authority,Under implementation,Under implementation / Operational,"Widening 34km of river, upgrading bridges, and improving water governance to protect 1.4M people.",Basin-scale climate adaptation.,https://www.worldbank.org,,,,,,,,,
Cali,Valle del Cauca,Colombia,Jarillón del Río Cauca Flood Protection & Resettlement,Levee reinforcement; resettlement; flood risk management,Resilience; Housing; Water,Resilience & Disaster Risk Management; Urban Development & Housing; Water & Sanitation / Water Management,National Adaptation Fund,Grant / Technical Assistance; Public Works,COP 1.3T (~US$450M),450000000,Fondo Adaptación; Cali city; CVC; EMCALI,National / Subnational Government,Fondo Adaptación; City of Cali,Under implementation,Under implementation / Operational,"Strengthening 26 km levee and relocating 6,000 families to prevent catastrophic flooding.",Large-scale climate justice resettlement model.,https://www.fondoadaptacion.gov.co,"3.437200, -76.522500",,,,,,,,
Barranquilla,Atlántico,Colombia,TransMetro BRT System,BRT; route reorganization; drainage-linked transport upgrades,Transport; Resilience,Transport; Resilience & Disaster Risk Management,IBRD loan + national/local,Loan,~US$100M (WB share),100000000,World Bank; Government of Colombia; Barranquilla,World Bank; National / Subnational Government,TransMetro S.A.; Ministry of Transport,Operational,Under implementation / Operational,13.2 km BRT reducing travel time and emissions; integrated drainage upgrades.,National BRT replication model.,https://www.worldbank.org,"10.968500, -74.781300",,,,,,,,
Bogotá,Bogotá D.C.,Colombia,Carrera Séptima Green Corridor,Green mobility corridor; NBS; pedestrianization,Transport; Urban environment,Transport; Environment & Nature-based Solutions; Urban Development & Housing,Municipal public works,Municipal / Subnational Budget; Public Works,~US$600M (planned),600000000,Bogotá city; IDB (TA),National / Subnational Government; IDB,IDU; Sec. Movilidad; IDB (design support),Planned,Planned,"20 km corridor with electric transit lanes, 8,000 new trees, parks, and cycleways.",Mobility + NBS integrated corridor.,https://bogota.gov.co,"4.710990, -74.072090",,,,,,,,
Santiago,Metropolitan Region,Chile,Electric Bus Fleet Transformation (Phase I),Urban Transport Electrification,Public Transport (Bus),Transport,Green Loan (Private Financing),Loan,US$129.5 million,129500000,AMP Capital; Enel X; Societe Generale,Private / PPP,Metbus; Ministry of Transport,Completed,Completed,Introduced 433 electric buses into Santiago’s transit system to reduce emissions and improve air quality.,PPPs enabled electrification; major GHG and air pollutant reduction; green loan classification.,https://www.enelx.com/cl/en/news-media/news/2020/04/santiago-electric-buses-green-loan,"-33.456900, -70.648300",,,,,,,,
Coyhaique,Aysén Region,Chile,District Heating Pilot for Clean Air,Clean Energy & Air Quality,Energy,Energy; Resilience & Disaster Risk Management,Public Investment + Technical Assistance,Grant / Technical Assistance,US$2.8 million,2800000,Aysén Regional Government; UNEP; DANIDA,National / Subnational Government; UN Agency,Ministry of Environment; UNEP,Under Implementation,Under implementation / Operational,Pilot district heating system to replace wood-burning heaters and improve air quality.,Demonstrates air quality and climate co-benefits through clean community heating.,https://www.unep.org/news-and-stories/story/district-energy-improves-lives-chile,"-45.575200, -72.066200",,,,,,,,
Temuco,Araucanía Region,Chile,Parque Urbano Isla Cautín,Nature-Based Solution for Flood Control,Urban Development,Urban Development & Housing; Environment & Nature-based Solutions,Public Investment,Grant / Technical Assistance,CLP $15 billion (~US$18 million),18000000,MINVU; Regional Government,National / Subnational Government,MINVU Araucanía Region,Completed,Completed,Built a floodable urban park with wetlands to retain stormwater and provide recreation.,Nature-based urban resilience with hydrological and ecological co-benefits.,https://www.minvu.gob.cl/temuco-inaugura-parque-isla-cautin/,"-38.739700, -72.598400",,,,,,,,
Santiago,Región Metropolitana de Santiago,Chile,Mapocho River Integral Project,Urban river rehabilitation; greenway; flood resilience,Urban waterway restoration; Public space; Transport,Water & Sanitation / Water Management; Environment & Nature-based Solutions; Urban Development & Housing; Transport; Resilience & Disaster Risk Management,Municipal public works; Public-private collaboration,Municipal / Subnational Budget; PPP / Concession; Public Works,~US$11M (initial municipal investment),11000000,Municipality of Santiago; Private companies,National / Subnational Government; Private / PPP,Gobierno de Santiago; 100 Resilient Cities partners,Under implementation (expanding after 2018),Under implementation / Operational,"Comprehensive urban project to rehabilitate the Mapocho River with a 42-km riverside greenway, flood-resilient riverbanks, and public spaces that improve mobility and reduce risk.","Strong multi-jurisdictional coordination; example of greenway as climate-resilient infrastructure; 30,000+ residents already benefiting.",https://medium.com/@100ResCities/mapocho-integral-project-55cf390d05a6,"-33.456900, -70.648300",,,,,,,,
Antofagasta; Taltal,Región de Antofagasta,Chile,Coastal Cities Climate Resilience Project (Chile–Ecuador),Urban flood and landslide risk reduction; early warning systems; ecosystem-based adaptation,Disaster risk management; Urban flood control; Ecosystems,Resilience & Disaster Risk Management; Water & Sanitation / Water Management; Environment & Nature-based Solutions; Urban Development & Housing,Adaptation Fund grant via CAF and UNDP,Grant / Technical Assistance,US$13.9M (regional project),13900000,Adaptation Fund; CAF; UNDP; national and local governments,Adaptation Fund; CAF; UN Agency; National / Subnational Government,CAF (implementing entity); UNDP; Chilean Environment Ministry; Antofagasta & Taltal municipalities,Under implementation (5-year project since 2019),Under implementation / Operational,"Reduces climate-driven flood and landslide risk in Antofagasta and Taltal through resilient infrastructure, ecosystem restoration, climate information systems, and community preparedness.",Combines gray and green measures; emphasizes local governance and a culture of adaptation; bi-national approach for shared coastal risks.,https://www.adaptation-fund.org/project/reducing-climate-vulnerability-and-flood-risk-in-coastal-urban-areas-in-latin-america-and-the-caribbean-chile-and-ecuador/,,,,,,,,,
Santiago (Metropolitan area),Región Metropolitana de Santiago,Chile,Santiago Biofactory Initiative,Circular wastewater treatment; biogas-to-energy; zero waste,Wastewater treatment; Renewable energy; Circular economy,Water & Sanitation / Water Management; Energy; Solid Waste & Circular Economy; Environment & Nature-based Solutions,Corporate investment and innovation by utility,Private / PPP,N/A (privately financed),,Aguas Andinas; SUEZ,Private / PPP,Aguas Andinas; SUEZ,Under implementation (since 2017),Under implementation / Operational,"Transforms Santiago’s wastewater plants into biofactories that generate energy, reuse biosolids, and treat 100% of the city’s wastewater, aiming for zero waste and carbon neutrality.",Flagship circular economy project; achieved full wastewater treatment coverage and large-scale resource recovery; improves Mapocho River water quality and cuts GHGs.,https://climateaction.unfccc.int/views/casestudy.html?id=105,"-33.456900, -70.648300",,,,,,,,
Santiago,Región Metropolitana de Santiago,Chile,Sustainable Transport and Air Quality for Santiago (GEF),BRT and non-motorized transport promotion; transport planning,Urban transport; Air quality; Climate mitigation,Transport; Urban Development & Housing; Climate Mitigation,GEF grant with World Bank implementation and government co-finance,Grant / Technical Assistance; Loan,US$6.98M GEF + ~US$7M co-finance,14000000,GEF; World Bank; Government of Chile,GEF; World Bank; National / Subnational Government,World Bank; Ministry of Transport; Ministry of Environment; Metropolitan authorities,Completed (mid-2000s–2011),Completed,"Helped Santiago pilot and scale sustainable mobility measures—BRT corridors, cycling and pedestrian infrastructure—to reduce GHG emissions and improve air quality.",One of the first Latin American projects to link climate mitigation and urban transport; fed lessons into broader Transantiago reform.,https://documents.worldbank.org,"-33.456900, -70.648300",,,,,,,,
Multi-city (national urban areas),National,Chile,E-Mobility Program for Sustainable Cities (Chile component),Electric public transport deployment; e-mobility planning,Urban transport; Energy; Climate mitigation,Transport; Energy; Urban Development & Housing,Blended finance program (GCF + IDB loans and grants),Loan; Grant / Technical Assistance,US$450M (regional LAC program),450000000,Green Climate Fund; IDB; national governments,Green Climate Fund; IDB; National / Subnational Government,IDB; Chilean Ministries of Energy and Transport; local transit agencies,"Under implementation (approved 2022, starting 2023)",Under implementation / Operational,Provides concessional finance and TA to scale electric mobility—e-buses and supporting infrastructure—in Chilean cities as part of a 9-country regional program.,Blends climate finance and MDB loans; addresses upfront cost barrier; couples vehicles with policy and planning support.,https://www.greenclimate.fund/project/fp187,,,,,,,,,
Central Chile (La Ligua / Valparaíso–Santiago supply area),Región de Valparaíso,Chile,Aguas Pacífico – Project Aqua Desalination Plant,Desalination for drought resilience; renewable-powered water supply,Water supply; Energy; Climate adaptation,Water & Sanitation / Water Management; Energy; Resilience & Disaster Risk Management,Private equity investment with AIIB participation,Private / PPP; Equity Investment,AIIB equity US$10M (Phase I); total >US$500M (est.),10000000,Patria Infrastructure Fund V; AIIB; other private investors,Private / PPP; Multilateral Development Bank,Aguas Pacífico; Patria Investments; AIIB,Under implementation (Phase I under construction),Under implementation / Operational,"Builds a large seawater desalination plant and pipeline to ensure resilient water supply for central Chile, powered by renewable electricity to limit GHG emissions.",Adaptation to mega-drought with low-carbon technology; blended MDB–private finance; model for other water-stressed regions.,https://www.aiib.org/en/news-events/news/2024/aiib-invests-in-chiles-first-seawater-desalination-plant.html,,,,,,,,,
Concepción,Región del Biobío,Chile,Cerro Chepe Urban Reforestation (+Bosques),Urban native forest restoration; erosion control; cooling,Urban forestry; Ecosystem restoration,Environment & Nature-based Solutions; Resilience & Disaster Risk Management; Urban Development & Housing,+Bosques public reforestation program funding,Grant / Technical Assistance; Municipal / Subnational Budget,,,CONAF (+Bosques program); Municipality of Concepción; FAO (support),National / Subnational Government; UN Agency,CONAF Biobío; Municipality of Concepción; local communities,Under implementation (planting 2024–2025),Under implementation / Operational,"Plants over 6,800 native trees on 3.8 ha of Cerro Chepe to create an urban green lung, stabilize soils, and provide shade and recreation for residents.",Shows how national climate–forestry funds can support city-level NbS; strong community buy-in for restoring a symbolic hill.,https://www.conaf.cl/bosques-nativos-programa-bosques-urbano-cerro-chepe/,"-36.820100, -73.044400",,,,,,,,
Concepción & Biobío Region,Región del Biobío,Chile,FERI – Inclusive Recycling Enterprise Fund (Biobío),Inclusive recycling; cooperative strengthening; equipment and training,Solid waste; Circular economy; Social inclusion,Solid Waste & Circular Economy; Social Inclusion,Corporate social responsibility fund and NGO partnership,Grant / Technical Assistance,,,Natura Recycling Fund; CEMPRE Chile; Fundación El Árbol,Private / PPP; Philanthropy; NGO,CEMPRE Chile; Fundación El Árbol; recycler cooperatives; municipalities,Under implementation (launched 2024),Under implementation / Operational,"Provides equipment, training, and branding support to recycler cooperatives in Biobío to boost recycling rates and improve livelihoods of base recyclers.",Ties climate mitigation in waste to social justice; private CSR catalyzes local circular economy capacity.,https://www.mediabanco.com/noticia/natura-lanza-fondo-empresarial-para-el-reciclaje-inclusivo-feri/,"-36.820100, -73.044400",,,,,,,,
Santiago (Recoleta & Independencia),Región Metropolitana de Santiago,Chile,Recoleta–Independencia District Energy Pilot,District heating & cooling; clean energy for public buildings,Building energy; Public health; Air quality,Energy; Urban Development & Housing; Climate Mitigation,Pre-investment studies and pilot investment via energy cooperation,Grant / Technical Assistance; Public Works,Part of ~US$1.17B projected national district energy portfolio,,"Chilean Ministry of Energy; GEF; bilateral partners (e.g., Net Zero World / US)",National / Subnational Government; GEF; Bilateral Donor,Programa Energía Distrital (Ministry of Energy); municipalities of Recoleta & Independencia; technical consultants,Planned / early implementation,Planned,"Pilot district energy system to provide efficient, low-emission heating and cooling to clusters of public and commercial buildings, replacing polluting individual boilers.",Demonstrates a system-level approach to decarbonizing buildings; significant co-benefits for air quality and health.,https://investchile.gob.cl/es/district-energy-chile/,"-33.456900, -70.648300",,,,,,,,
Renca; Independencia; Vitacura (Greater Santiago),Región Metropolitana de Santiago,Chile,PULAC – Local Urban Planning for Climate Adaptation,Climate action planning; capacity building; risk assessment,Urban planning; Governance; Resilience,Resilience & Disaster Risk Management; Urban Development & Housing; Governance,Bilateral grant for technical assistance,Grant / Technical Assistance,,,UK FCDO (UK Aid) via Adaptation Research Alliance,Bilateral Donor,ICLEI; UNDRR (MCR2030); Centro UC de Cambio Global; participating municipalities,Under implementation (since 2023),Under implementation / Operational,"Supports three Santiago municipalities to develop local climate action plans aligned with Chile’s Climate Change Law, using standardized risk tools and peer learning.",Highlights the role of local capacity and governance in turning national climate laws into city-level action; fosters peer exchange between municipalities.,https://mcr2030.undrr.org/news/pulac-project-boosts-local-climate-action-santiago-chile,,,,,,,,,